{"cameraMode":{"drawMode":0,"name":"Shaded","section":"Shading Mode"},"sceneLighting":false,"audioPlay":false,"sceneViewState":{"showFog":true,"showMaterialUpdate":false,"showSkybox":false,"showFlares":true,"showImageEffects":true,"showParticleSystems":true},"in2DMode":false,"pivot":{"x":0.11819999665021897,"y":1.417799949645996,"z":0.6620000004768372},"rotation":{"x":0.004874001257121563,"y":-0.7600348591804504,"z":0.005700225010514259,"w":0.64984130859375},"size":0.17320510745048524,"orthographic":true}